Category,Word
Animals & Wildlife,ALLIGATOR
Animals & Wildlife,ALPACA
Animals & Wildlife,ANTEATER
Animals & Wildlife,ANTELOPE
Animals & Wildlife,ARMADILLO
Animals & Wildlife,BABOON
Animals & Wildlife,BADGER
Animals & Wildlife,BANDICOOT
Animals & Wildlife,BARRACUDA
Animals & Wildlife,BAT
Animals & Wildlife,BEAVER
Animals & Wildlife,BISON
Animals & Wildlife,BOAR
Animals & Wildlife,BUFFALO
Animals & Wildlife,CAMEL
Animals & Wildlife,CAPYBARA
Animals & Wildlife,CARIBOU
Animals & Wildlife,CASSOWARY
Animals & Wildlife,CAT
Animals & Wildlife,CATERPILLAR
Animals & Wildlife,CATFISH
Animals & Wildlife,CHAMELEON
Animals & Wildlife,CHEETAH
Animals & Wildlife,CHIMPANZEE
Animals & Wildlife,CHINCHILLA
Animals & Wildlife,CHIPMUNK
Animals & Wildlife,COBRA
Animals & Wildlife,COCKROACH
Animals & Wildlife,COD
Animals & Wildlife,COYOTE
Animals & Wildlife,CRAB
Animals & Wildlife,CRANE
Animals & Wildlife,CROCODILE
Animals & Wildlife,CROW
Animals & Wildlife,DEER
Animals & Wildlife,DINGO
Animals & Wildlife,DINOSAUR
Animals & Wildlife,DOLPHIN
Animals & Wildlife,DONKEY
Animals & Wildlife,DRAGONFLY
Animals & Wildlife,DUCK
Animals & Wildlife,EAGLE
Animals & Wildlife,EARTHWORM
Animals & Wildlife,ECHIDNA
Animals & Wildlife,EEL
Animals & Wildlife,ELEPHANT
Animals & Wildlife,ELK
Animals & Wildlife,EMU
Animals & Wildlife,FALCON
Animals & Wildlife,FERRET
Animals & Wildlife,FINCH
Animals & Wildlife,FLAMINGO
Animals & Wildlife,FLY
Animals & Wildlife,FOX
Animals & Wildlife,FROG
Animals & Wildlife,GAZELLE
Animals & Wildlife,GECKO
Animals & Wildlife,GERBIL
Animals & Wildlife,GIRAFFE
Animals & Wildlife,GOAT
Animals & Wildlife,GOLDFISH
Animals & Wildlife,GOOSE
Animals & Wildlife,GORILLA
Animals & Wildlife,GOPHER
Animals & Wildlife,GRASSHOPPER
Animals & Wildlife,GRIZZLY
Animals & Wildlife,GUINEAPIG
Animals & Wildlife,GULL
Animals & Wildlife,HAMSTER
Animals & Wildlife,HARE
Animals & Wildlife,HAWK
Animals & Wildlife,HEDGEHOG
Animals & Wildlife,HERON
Animals & Wildlife,HERRING
Animals & Wildlife,HIPPOPOTAMUS
Animals & Wildlife,HORNET
Animals & Wildlife,HORSE
Animals & Wildlife,HUMAN
Animals & Wildlife,HUMMINGBIRD
Animals & Wildlife,HYENA
Animals & Wildlife,IBEX
Animals & Wildlife,IBIS
Animals & Wildlife,IGUANA
Animals & Wildlife,IMPALA
Animals & Wildlife,JACKAL
Animals & Wildlife,JAGUAR
Animals & Wildlife,JELLYFISH
Animals & Wildlife,KANGAROO
Animals & Wildlife,KINGFISHER
Animals & Wildlife,KOALA
Animals & Wildlife,KOOKABURRA
Animals & Wildlife,LEMUR
Animals & Wildlife,LEOPARD
Animals & Wildlife,LION
Animals & Wildlife,LIZARD
Animals & Wildlife,LLAMA
Animals & Wildlife,LOBSTER
Animals & Wildlife,LOCUST
Animals & Wildlife,LYNX
Animals & Wildlife,MACAW
Animals & Wildlife,MAGPIE
Animals & Wildlife,MALLARD
Animals & Wildlife,MANATEE
Animals & Wildlife,MANDRILL
Animals & Wildlife,MARMOSET
Animals & Wildlife,MARMOT
Animals & Wildlife,MEERKAT
Animals & Wildlife,MINK
Animals & Wildlife,MOLE
Animals & Wildlife,MONGOOSE
Animals & Wildlife,MONKEY
Animals & Wildlife,MOOSE
Animals & Wildlife,MOSQUITO
Animals & Wildlife,MOTH
Animals & Wildlife,MOUSE
Animals & Wildlife,MULE
Animals & Wildlife,NARWHAL
Animals & Wildlife,NEWT
Animals & Wildlife,NIGHTINGALE
Animals & Wildlife,OCELOT
Animals & Wildlife,OCTOPUS
Animals & Wildlife,OKAPI
Animals & Wildlife,OPOSSUM
Animals & Wildlife,OSTRICH
Animals & Wildlife,OTTER
Animals & Wildlife,OWL
Animals & Wildlife,OX
Animals & Wildlife,OYSTER
Animals & Wildlife,PANDA
Animals & Wildlife,PANTHER
Animals & Wildlife,PARAKEET
Animals & Wildlife,PARROT
Animals & Wildlife,PARTRIDGE
Animals & Wildlife,PEACOCK
Animals & Wildlife,PELICAN
Animals & Wildlife,PENGUIN
Animals & Wildlife,PHEASANT
Animals & Wildlife,PIG
Animals & Wildlife,PIGEON
Animals & Wildlife,PLATYPUS
Animals & Wildlife,POLARBEAR
Animals & Wildlife,PORCUPINE
Animals & Wildlife,PORPOISE
Animals & Wildlife,POSSUM
Animals & Wildlife,PRAWN
Animals & Wildlife,PUFFIN
Animals & Wildlife,PUMA
Animals & Wildlife,PYTHON
Animals & Wildlife,QUAIL
Animals & Wildlife,QUETZAL
Animals & Wildlife,RABBIT
Animals & Wildlife,RACCOON
Animals & Wildlife,RAM
Animals & Wildlife,RAT
Animals & Wildlife,RATTLESNAKE
Animals & Wildlife,RAVEN
Animals & Wildlife,REINDEER
Animals & Wildlife,RHINOCEROS
Animals & Wildlife,ROBIN
Animals & Wildlife,SALAMANDER
Animals & Wildlife,SALMON
Animals & Wildlife,SCALLOP
Animals & Wildlife,SCORPION
Animals & Wildlife,SEAHORSE
Animals & Wildlife,SEAL
Animals & Wildlife,SHARK
Animals & Wildlife,SHEEP
Animals & Wildlife,SHREW
Animals & Wildlife,SHRIMP
Animals & Wildlife,SKUNK
Animals & Wildlife,SLOTH
Animals & Wildlife,SNAIL
Animals & Wildlife,SNAKE
Animals & Wildlife,SPARROW
Animals & Wildlife,SPIDER
Animals & Wildlife,SQUID
Animals & Wildlife,SQUIRREL
Animals & Wildlife,STARFISH
Animals & Wildlife,STORK
Animals & Wildlife,SWALLOW
Animals & Wildlife,SWAN
Animals & Wildlife,TAPIR
Animals & Wildlife,TARANTULA
Animals & Wildlife,TERMITE
Animals & Wildlife,TIGER
Animals & Wildlife,TOAD
Animals & Wildlife,TOUCAN
Animals & Wildlife,TROUT
Animals & Wildlife,TUNA
Animals & Wildlife,TURKEY
Animals & Wildlife,TURTLE
Animals & Wildlife,VIPER
Animals & Wildlife,VULTURE
Animals & Wildlife,WALLABY
Animals & Wildlife,WALRUS
Animals & Wildlife,WASP
Animals & Wildlife,WEASEL
Animals & Wildlife,WHALE
Animals & Wildlife,WOLVERINE
Animals & Wildlife,WOMBAT
Animals & Wildlife,WOODPECKER
Animals & Wildlife,WORM
Animals & Wildlife,YAK
Animals & Wildlife,ZEBRA
Food & Beverages,ALMOND
Food & Beverages,APPLE
Food & Beverages,APRICOT
Food & Beverages,ARTICHOKE
Food & Beverages,ASPARAGUS
Food & Beverages,AVOCADO
Food & Beverages,BACON
Food & Beverages,BAGEL
Food & Beverages,BANANA
Food & Beverages,BARLEY
Food & Beverages,BASIL
Food & Beverages,BEAN
Food & Beverages,BEEF
Food & Beverages,BEER
Food & Beverages,BERRY
Food & Beverages,BISCUIT
Food & Beverages,BLACKBERRY
Food & Beverages,BLUEBERRY
Food & Beverages,BOLOGNA
Food & Beverages,BOUILLON
Food & Beverages,BOURBON
Food & Beverages,BRANDY
Food & Beverages,BREAD
Food & Beverages,BROCCOLI
Food & Beverages,BROWNIE
Food & Beverages,BRUSCHETTA
Food & Beverages,BURRITO
Food & Beverages,BUTTER
Food & Beverages,CABBAGE
Food & Beverages,CAKE
Food & Beverages,CALZONE
Food & Beverages,CANDY
Food & Beverages,CANTALOUPE
Food & Beverages,CAPER
Food & Beverages,CARAMEL
Food & Beverages,CARAWAY
Food & Beverages,CARROT
Food & Beverages,CASHEW
Food & Beverages,CASSAVA
Food & Beverages,CAULIFLOWER
Food & Beverages,CAVIAR
Food & Beverages,CELERY
Food & Beverages,CEREAL
Food & Beverages,CHAMPAGNE
Food & Beverages,CHEESE
Food & Beverages,CHEESECAKE
Food & Beverages,CHERRY
Food & Beverages,CHESTNUT
Food & Beverages,CHICKEN
Food & Beverages,CHILI
Food & Beverages,CHIVES
Food & Beverages,CHOCOLATE
Food & Beverages,CHUTNEY
Food & Beverages,CIDER
Food & Beverages,CILANTRO
Food & Beverages,CINNAMON
Food & Beverages,CLAM
Food & Beverages,CLOVE
Food & Beverages,COCOA
Food & Beverages,COCONUT
Food & Beverages,COFFEE
Food & Beverages,COGNAC
Food & Beverages,COOKIE
Food & Beverages,CORIANDER
Food & Beverages,CORN
Food & Beverages,COUSCOUS
Food & Beverages,CRAB
Food & Beverages,CRACKER
Food & Beverages,CRANBERRY
Food & Beverages,CREAM
Food & Beverages,CREPE
Food & Beverages,CROISSANT
Food & Beverages,CUCUMBER
Food & Beverages,CUMIN
Food & Beverages,CUPCAKE
Food & Beverages,CURRANT
Food & Beverages,CURRY
Food & Beverages,CUSTARD
Food & Beverages,DATE
Food & Beverages,DILL
Food & Beverages,DOUGHNUT
Food & Beverages,DRESSING
Food & Beverages,DUCK
Food & Beverages,DURIAN
Food & Beverages,ECLAIR
Food & Beverages,EGG
Food & Beverages,EGGPLANT
Food & Beverages,ELDERBERRY
Food & Beverages,EMPANADA
Food & Beverages,ENDIVE
Food & Beverages,ESPRESSO
Food & Beverages,FAJITA
Food & Beverages,FENNEL
Food & Beverages,FENUGREEK
Food & Beverages,FIG
Food & Beverages,FILBERT
Food & Beverages,FISH
Food & Beverages,FLAN
Food & Beverages,FLOUR
Food & Beverages,FOCACCIA
Food & Beverages,FONDUE
Food & Beverages,FRITTER
Food & Beverages,FONDANT
Food & Beverages,GARLIC
Food & Beverages,GELATO
Food & Beverages,GINGER
Food & Beverages,GNOCCHI
Food & Beverages,GRAPE
Food & Beverages,GRAPEFRUIT
Food & Beverages,GRAVY
Food & Beverages,GUACAMOLE
Food & Beverages,GUAVA
Food & Beverages,HADDOCK
Food & Beverages,HALIBUT
Food & Beverages,HAM
Food & Beverages,HAMBURGER
Food & Beverages,HAZELNUT
Food & Beverages,HONEY
Food & Beverages,HONEYDEW
Food & Beverages,HORSERADISH
Food & Beverages,HUMMUS
Food & Beverages,ICECREAM
Food & Beverages,ICING
Food & Beverages,JACKFRUIT
Food & Beverages,JALAPENO
Food & Beverages,JAM
Food & Beverages,JELLY
Food & Beverages,JICAMA
Food & Beverages,KALE
Food & Beverages,KETCHUP
Food & Beverages,KIMCHI
Food & Beverages,KIWI
Food & Beverages,KOHLRABI
Food & Beverages,KUMQUAT
Food & Beverages,LASAGNA
Food & Beverages,LEEK
Food & Beverages,LEMON
Food & Beverages,LEMONADE
Food & Beverages,LENTIL
Food & Beverages,LETTUCE
Food & Beverages,LIME
Food & Beverages,LIQUORICE
Food & Beverages,LIVER
Food & Beverages,LOBSTER
Food & Beverages,LONGAN
Food & Beverages,MACARONI
Food & Beverages,MACADAMIA
Food & Beverages,MACKEREL
Food & Beverages,MANGO
Food & Beverages,MAPLE
Food & Beverages,MARGARINE
Food & Beverages,MARJORAM
Food & Beverages,MARMALADE
Food & Beverages,MARSHMALLOW
Food & Beverages,MARZIPAN
Food & Beverages,MAYONNAISE
Food & Beverages,MEATBALL
Food & Beverages,MELON
Food & Beverages,MERINGUE
Food & Beverages,MILK
Food & Beverages,MILKSHAKE
Food & Beverages,MILLET
Food & Beverages,MINT
Food & Beverages,MISO
Food & Beverages,MOLASSES
Food & Beverages,MOZZARELLA
Food & Beverages,MUFFIN
Food & Beverages,MUSHROOM
Food & Beverages,MUSSEL
Food & Beverages,MUSTARD
Food & Beverages,MUTTON
Food & Beverages,NACHO
Food & Beverages,NECTARINE
Food & Beverages,NOODLE
Food & Beverages,NOUGAT
Food & Beverages,NUTMEG
Food & Beverages,OATMEAL
Food & Beverages,OCTOPUS
Food & Beverages,OKRA
Food & Beverages,OLIVE
Food & Beverages,OMELET
Food & Beverages,ONION
Food & Beverages,ORANGE
Food & Beverages,OREGANO
Food & Beverages,OYSTER
Food & Beverages,PANCAKE
Food & Beverages,PAPRIKA
Food & Beverages,PARSNIP
Food & Beverages,PARSLEY
Food & Beverages,PASSIONFRUIT
Food & Beverages,PASTA
Food & Beverages,PASTRAMI
Food & Beverages,PASTRY
Food & Beverages,PEA
Food & Beverages,PEACH
Food & Beverages,PEANUT
Food & Beverages,PEAR
Food & Beverages,PECAN
Food & Beverages,PEPPER
Food & Beverages,PEPPERONI
Food & Beverages,PERSIMMON
Food & Beverages,PICKLE
Food & Beverages,PIE
Food & Beverages,PINEAPPLE
Food & Beverages,PISTACHIO
Food & Beverages,PIZZA
Food & Beverages,PLUM
Food & Beverages,POMEGRANATE
Food & Beverages,POPCORN
Food & Beverages,PORK
Food & Beverages,PORRIDGE
Food & Beverages,POTATO
Food & Beverages,PRAWN
Food & Beverages,PRETZEL
Food & Beverages,PRUNE
Food & Beverages,PUDDING
Food & Beverages,PUMPKIN
Food & Beverages,QUICHE
Food & Beverages,QUINOA
Food & Beverages,RADISH
Food & Beverages,RAISIN
Food & Beverages,RAMEN
Food & Beverages,RASPBERRY
Food & Beverages,RAVIOLI
Food & Beverages,RELISH
Food & Beverages,RHUBARB
Food & Beverages,RICE
Food & Beverages,RICOTTA
Food & Beverages,ROSEMARY
Food & Beverages,RUM
Food & Beverages,RUTABAGA
Food & Beverages,RYE
Food & Beverages,SAFFRON
Food & Beverages,SAGE
Food & Beverages,SALAD
Food & Beverages,SALAMI
Food & Beverages,SALMON
Food & Beverages,SALSA
Food & Beverages,SALT
Food & Beverages,SANDWICH
Food & Beverages,SARDINE
Food & Beverages,SAUCE
Food & Beverages,SAUERKRAUT
Food & Beverages,SAUSAGE
Food & Beverages,SCALLOP
Food & Beverages,SCONE
Food & Beverages,SEAFOOD
Food & Beverages,SEAWEED
Food & Beverages,SESAME
Food & Beverages,SHALLOT
Food & Beverages,SHERBET
Food & Beverages,SHRIMP
Food & Beverages,SMOOTHIE
Food & Beverages,SNACK
Food & Beverages,SODA
Food & Beverages,SORBET
Food & Beverages,SOUP
Food & Beverages,SOYBEAN
Food & Beverages,SPAGHETTI
Food & Beverages,SPINACH
Food & Beverages,SQUASH
Food & Beverages,STEAK
Food & Beverages,STRAWBERRY
Food & Beverages,STRUDEL
Food & Beverages,SUCCOTASH
Food & Beverages,SUGAR
Food & Beverages,SULTAN
Food & Beverages,SUNFLOWER
Food & Beverages,SUSHI
Food & Beverages,SWEETPOTATO
Food & Beverages,SYRUP
Food & Beverages,TACO
Food & Beverages,TAMALE
Food & Beverages,TANGERINE
Food & Beverages,TAPIOCA
Food & Beverages,TARRAGON
Food & Beverages,TEA
Food & Beverages,TEQUILA
Food & Beverages,THYME
Food & Beverages,TOFU
Food & Beverages,TOMATILLO
Food & Beverages,TOMATO
Food & Beverages,TORTE
Food & Beverages,TORTILLA
Food & Beverages,TROUT
Food & Beverages,TRUFFLE
Food & Beverages,TUNA
Food & Beverages,TURKEY
Food & Beverages,TURMERIC
Food & Beverages,TURNIP
Food & Beverages,VANILLA
Food & Beverages,VEAL
Food & Beverages,VENISON
Food & Beverages,VERMICELLI
Food & Beverages,VINEGAR
Food & Beverages,VODKA
Food & Beverages,WAFFLE
Food & Beverages,WALNUT
Food & Beverages,WASABI
Food & Beverages,WATER
Food & Beverages,WATERCRESS
Food & Beverages,WATERMELON
Food & Beverages,WHEAT
Food & Beverages,WHISKEY
Food & Beverages,WINE
Food & Beverages,YAM
Food & Beverages,YOGURT
Food & Beverages,ZUCCHINI
Food & Beverages,DUMPLING
Food & Beverages,FALAFEL
Food & Beverages,NOODLES
Food & Beverages,PAELLA
Geography & Places,ABYSS
Geography & Places,ARCHIPELAGO
Geography & Places,ARCTIC
Geography & Places,ARENA
Geography & Places,ASYLUM
Geography & Places,ATOLL
Geography & Places,AUDITORIUM
Geography & Places,AVENUE
Geography & Places,BADLANDS
Geography & Places,BAKERY
Geography & Places,BANK
Geography & Places,BAZAAR
Geography & Places,BEACH
Geography & Places,BEDROCK
Geography & Places,BIOME
Geography & Places,BLUFF
Geography & Places,BOG
Geography & Places,BOULEVARD
Geography & Places,BOUNDARY
Geography & Places,BRIDGE
Geography & Places,BROOK
Geography & Places,BUILDING
Geography & Places,BUNGALOW
Geography & Places,CABIN
Geography & Places,CANAL
Geography & Places,CANYON
Geography & Places,CAPE
Geography & Places,CAPITAL
Geography & Places,CASTLE
Geography & Places,CATHEDRAL
Geography & Places,CAVE
Geography & Places,CAVERN
Geography & Places,CEMETERY
Geography & Places,CHASM
Geography & Places,CHURCH
Geography & Places,CINEMA
Geography & Places,CITADEL
Geography & Places,CITY
Geography & Places,CLIFF
Geography & Places,COAST
Geography & Places,COASTLINE
Geography & Places,COLISEUM
Geography & Places,COLONY
Geography & Places,CONTINENT
Geography & Places,COUNTRY
Geography & Places,COUNTY
Geography & Places,COURTHOUSE
Geography & Places,COVE
Geography & Places,CRATER
Geography & Places,CREEK
Geography & Places,CREVASSE
Geography & Places,DELTA
Geography & Places,DESERT
Geography & Places,DISTRICT
Geography & Places,DITCH
Geography & Places,DOCK
Geography & Places,DOME
Geography & Places,DUNE
Geography & Places,EARTH
Geography & Places,EMPIRE
Geography & Places,EQUATOR
Geography & Places,ESTUARY
Geography & Places,FARM
Geography & Places,FJORD
Geography & Places,FOOTHILLS
Geography & Places,FOREST
Geography & Places,FORTRESS
Geography & Places,FOUNTAIN
Geography & Places,FRONTIER
Geography & Places,GALLERY
Geography & Places,GARDEN
Geography & Places,GARRISON
Geography & Places,GEYSER
Geography & Places,GLACIER
Geography & Places,GLEN
Geography & Places,GORGE
Geography & Places,GRASSLAND
Geography & Places,GROTTO
Geography & Places,GULF
Geography & Places,GULLY
Geography & Places,HABITAT
Geography & Places,HAMLET
Geography & Places,HARBOR
Geography & Places,HEADLAND
Geography & Places,HEMISPHERE
Geography & Places,HIGHLAND
Geography & Places,HIGHWAY
Geography & Places,HILL
Geography & Places,HILLSIDE
Geography & Places,HORIZON
Geography & Places,HOSPITAL
Geography & Places,HOTEL
Geography & Places,HOUSE
Geography & Places,ICEBERG
Geography & Places,ISLAND
Geography & Places,ISLET
Geography & Places,ISTHMUS
Geography & Places,JUNGLE
Geography & Places,KINGDOM
Geography & Places,LAGOON
Geography & Places,LAKE
Geography & Places,LANDMARK
Geography & Places,LATITUDE
Geography & Places,LEDGE
Geography & Places,LIBRARY
Geography & Places,LONGITUDE
Geography & Places,LOWLAND
Geography & Places,MANSION
Geography & Places,MAP
Geography & Places,MARKET
Geography & Places,MARSH
Geography & Places,MEADOW
Geography & Places,MERIDIAN
Geography & Places,MESA
Geography & Places,METROPOLIS
Geography & Places,MILL
Geography & Places,MONASTERY
Geography & Places,MONUMENT
Geography & Places,MOOR
Geography & Places,MOUNTAIN
Geography & Places,MUNICIPALITY
Geography & Places,MUSEUM
Geography & Places,NATION
Geography & Places,OASIS
Geography & Places,OCEAN
Geography & Places,OUTBACK
Geography & Places,PALACE
Geography & Places,PARK
Geography & Places,PATHWAY
Geography & Places,PENINSULA
Geography & Places,PIER
Geography & Places,PLATEAU
Geography & Places,PLAZA
Geography & Places,POND
Geography & Places,POOL
Geography & Places,PORT
Geography & Places,PRAIRIE
Geography & Places,PRECIPICE
Geography & Places,PROVINCE
Geography & Places,QUARRY
Geography & Places,RANCH
Geography & Places,RAPIDS
Geography & Places,RAVINE
Geography & Places,REEF
Geography & Places,REGION
Geography & Places,REPUBLIC
Geography & Places,RESERVOIR
Geography & Places,RESORT
Geography & Places,RIDGE
Geography & Places,RIVER
Geography & Places,ROAD
Geography & Places,RUINS
Geography & Places,SAFARI
Geography & Places,SANCTUARY
Geography & Places,SAVANNA
Geography & Places,SCENERY
Geography & Places,SEA
Geography & Places,SEASHORE
Geography & Places,SHACK
Geography & Places,SHRINE
Geography & Places,SKYLINE
Geography & Places,SKYSCRAPER
Geography & Places,SLUM
Geography & Places,SOUND
Geography & Places,SOURCE
Geography & Places,STADIUM
Geography & Places,STATE
Geography & Places,STEPPE
Geography & Places,STRAIT
Geography & Places,STREAM
Geography & Places,STREET
Geography & Places,SUBURB
Geography & Places,SUMMIT
Geography & Places,SWAMP
Geography & Places,SYNAGOGUE
Geography & Places,TAIGA
Geography & Places,TEMPLE
Geography & Places,TERRITORY
Geography & Places,THEATER
Geography & Places,TOPOGRAPHY
Geography & Places,TOWER
Geography & Places,TOWN
Geography & Places,TRACK
Geography & Places,TRAIL
Geography & Places,TRENCH
Geography & Places,TRIBUTARY
Geography & Places,TUNDRA
Geography & Places,TUNNEL
Geography & Places,UNIVERSITY
Geography & Places,VALLEY
Geography & Places,VILLAGE
Geography & Places,VINEYARD
Geography & Places,VOLCANO
Geography & Places,VORTEX
Geography & Places,WATERFALL
Geography & Places,WETLAND
Geography & Places,WILDERNESS
Geography & Places,WOODS
Geography & Places,ZONE
Geography & Places,ARGENTINA
Geography & Places,BRAZIL
Geography & Places,CANADA
Geography & Places,DENMARK
Geography & Places,EGYPT
Geography & Places,FINLAND
Geography & Places,GERMANY
Geography & Places,IRELAND
Geography & Places,JAPAN
Geography & Places,MEXICO
Geography & Places,MOROCCO
Geography & Places,NORWAY
Geography & Places,PORTUGAL
Geography & Places,SINGAPORE
Geography & Places,THAILAND
Professions & Roles,ACTOR
Professions & Roles,ACTRESS
Professions & Roles,ADJUSTER
Professions & Roles,ADMIRAL
Professions & Roles,ADVISOR
Professions & Roles,ADVOCATE
Professions & Roles,AGENT
Professions & Roles,ANALYST
Professions & Roles,ANIMATOR
Professions & Roles,APPRAISER
Professions & Roles,APPRENTICE
Professions & Roles,ARBITER
Professions & Roles,ARCHAEOLOGIST
Professions & Roles,ARCHITECT
Professions & Roles,ARCHIVIST
Professions & Roles,ARTIST
Professions & Roles,ASSASSIN
Professions & Roles,ASTRONAUT
Professions & Roles,ASTRONOMER
Professions & Roles,ATHLETE
Professions & Roles,ATTORNEY
Professions & Roles,AUCTIONEER
Professions & Roles,AUDITOR
Professions & Roles,AUTHOR
Professions & Roles,BAKER
Professions & Roles,BANKER
Professions & Roles,BARBER
Professions & Roles,BARISTA
Professions & Roles,BARTENDER
Professions & Roles,BLACKSMITH
Professions & Roles,BLOGGER
Professions & Roles,BODYGUARD
Professions & Roles,BOUNCER
Professions & Roles,BROKER
Professions & Roles,BUILDER
Professions & Roles,BUTCHER
Professions & Roles,BUYER
Professions & Roles,CABDRIVER
Professions & Roles,CAPTAIN
Professions & Roles,CARDIOLOGIST
Professions & Roles,CARETAKER
Professions & Roles,CARPENTER
Professions & Roles,CARTOGRAPHER
Professions & Roles,CASHIER
Professions & Roles,CATERER
Professions & Roles,CELLIST
Professions & Roles,CHAIRMAN
Professions & Roles,CHANCELLOR
Professions & Roles,CHAPLAIN
Professions & Roles,CHEF
Professions & Roles,CHEMIST
Professions & Roles,CHIEFTAIN
Professions & Roles,CHIMNEYSWEEP
Professions & Roles,CHIROPRACTOR
Professions & Roles,CHOREOGRAPHER
Professions & Roles,CLERK
Professions & Roles,COACH
Professions & Roles,CODER
Professions & Roles,COMEDIAN
Professions & Roles,COMMANDER
Professions & Roles,COMPOSER
Professions & Roles,CONDUCTOR
Professions & Roles,CONSULTANT
Professions & Roles,CONTRACTOR
Professions & Roles,COOK
Professions & Roles,CORONER
Professions & Roles,COUNSELOR
Professions & Roles,COURIER
Professions & Roles,COWBOY
Professions & Roles,CRITIC
Professions & Roles,CURATOR
Professions & Roles,CUSTODIAN
Professions & Roles,DANCER
Professions & Roles,DEACON
Professions & Roles,DEAN
Professions & Roles,DENTIST
Professions & Roles,DEPUTY
Professions & Roles,DERMATOLOGIST
Professions & Roles,DESIGNER
Professions & Roles,DETECTIVE
Professions & Roles,DEVELOPER
Professions & Roles,DIPLOMAT
Professions & Roles,DIRECTOR
Professions & Roles,DIVER
Professions & Roles,DOCTOR
Professions & Roles,DRIVER
Professions & Roles,ECONOMIST
Professions & Roles,EDITOR
Professions & Roles,EDUCATOR
Professions & Roles,ELECTRICIAN
Professions & Roles,EMPEROR
Professions & Roles,ENGINEER
Professions & Roles,ENTREPRENEUR
Professions & Roles,EXECUTIVE
Professions & Roles,EXPLORER
Professions & Roles,FARMER
Professions & Roles,FILMMAKER
Professions & Roles,FIREFIGHTER
Professions & Roles,FISHERMAN
Professions & Roles,FORESTER
Professions & Roles,GARDENER
Professions & Roles,GEOLOGIST
Professions & Roles,GLAZIER
Professions & Roles,GOVERNOR
Professions & Roles,GROCER
Professions & Roles,GUARD
Professions & Roles,GUIDE
Professions & Roles,HAIRSTYLIST
Professions & Roles,HISTORIAN
Professions & Roles,HUNTER
Professions & Roles,ILLUSTRATOR
Professions & Roles,INSPECTOR
Professions & Roles,INSTRUCTOR
Professions & Roles,INTERN
Professions & Roles,INVENTOR
Professions & Roles,INVESTIGATOR
Professions & Roles,JANITOR
Professions & Roles,JEWELER
Professions & Roles,JOURNALIST
Professions & Roles,JUDGE
Professions & Roles,KING
Professions & Roles,LAWYER
Professions & Roles,LECTURER
Professions & Roles,LIBRARIAN
Professions & Roles,LIFEGUARD
Professions & Roles,LINGUIST
Professions & Roles,LOCKSMITH
Professions & Roles,MAGICIAN
Professions & Roles,MANAGER
Professions & Roles,MARINER
Professions & Roles,MARSHAL
Professions & Roles,MECHANIC
Professions & Roles,MEDIATOR
Professions & Roles,MESSENGER
Professions & Roles,MIDWIFE
Professions & Roles,MINER
Professions & Roles,MINISTER
Professions & Roles,MODEL
Professions & Roles,MONK
Professions & Roles,MUSICIAN
Professions & Roles,NAVIGATOR
Professions & Roles,NEUROLOGIST
Professions & Roles,NUN
Professions & Roles,NURSE
Professions & Roles,NUTRITIONIST
Professions & Roles,OFFICER
Professions & Roles,OPERATOR
Professions & Roles,OPTOMETRIST
Professions & Roles,PAINTER
Professions & Roles,PARAMEDIC
Professions & Roles,PARALEGAL
Professions & Roles,PATHOLOGIST
Professions & Roles,PATROLMAN
Professions & Roles,PEDIATRICIAN
Professions & Roles,PHARMACIST
Professions & Roles,PHILOSOPHER
Professions & Roles,PHOTOGRAPHER
Professions & Roles,PHYSICIAN
Professions & Roles,PHYSICIST
Professions & Roles,PIANIST
Professions & Roles,PILOT
Professions & Roles,PLUMBER
Professions & Roles,POET
Professions & Roles,POLICEMAN
Professions & Roles,POLITICIAN
Professions & Roles,POSTMAN
Professions & Roles,PRESIDENT
Professions & Roles,PRIEST
Professions & Roles,PRINCIPAL
Professions & Roles,PRODUCER
Professions & Roles,PROFESSOR
Professions & Roles,PROGRAMMER
Professions & Roles,PROSECUTOR
Professions & Roles,PSYCHIATRIST
Professions & Roles,PSYCHOLOGIST
Professions & Roles,PUBLISHER
Professions & Roles,RANGER
Professions & Roles,REALTER
Professions & Roles,RECEPTIONIST
Professions & Roles,REFEREE
Professions & Roles,REPORTER
Professions & Roles,RESEARCHER
Professions & Roles,SAILOR
Professions & Roles,SALESMAN
Professions & Roles,SCHOLAR
Professions & Roles,SCIENTIST
Professions & Roles,SCOUT
Professions & Roles,SCULPTOR
Professions & Roles,SECRETARY
Professions & Roles,SECURITY
Professions & Roles,SENATOR
Professions & Roles,SHERIFF
Professions & Roles,SINGER
Professions & Roles,SOLDIER
Professions & Roles,STATISTICIAN
Professions & Roles,STEWARD
Professions & Roles,SURGEON
Professions & Roles,SURVEYOR
Professions & Roles,TAILOR
Professions & Roles,TAXIDRIVER
Professions & Roles,TEACHER
Professions & Roles,TECHNICIAN
Professions & Roles,THERAPIST
Professions & Roles,TRAINER
Professions & Roles,TRANSLATOR
Professions & Roles,TREASURER
Professions & Roles,TUTOR
Professions & Roles,TYPEDRIVER
Professions & Roles,UMPIRE
Professions & Roles,UNDERTAKER
Professions & Roles,UNDERWRITER
Professions & Roles,USHER
Professions & Roles,VETERINARIAN
Professions & Roles,VIOLINIST
Professions & Roles,WAITER
Professions & Roles,WAITRESS
Professions & Roles,WARDEN
Professions & Roles,WARRIOR
Professions & Roles,WEAVER
Professions & Roles,WELDER
Professions & Roles,WORKER
Professions & Roles,WRITER
Professions & Roles,ZOOLOGIST
Science & Technology,ALGORITHM
Science & Technology,ALGEBRA
Science & Technology,ALLOY
Science & Technology,ALTITUDE
Science & Technology,ALUMINUM
Science & Technology,AMMONIA
Science & Technology,AMPLITUDE
Science & Technology,ANATOMY
Science & Technology,ANDROID
Science & Technology,ANODE
Science & Technology,ANTENNA
Science & Technology,ANTIBIOTIC
Science & Technology,ANTIBODY
Science & Technology,APP
Science & Technology,APERTURE
Science & Technology,ASTEROID
Science & Technology,ATMOSPHERE
Science & Technology,ATOM
Science & Technology,AUTOMATION
Science & Technology,BACTERIA
Science & Technology,BATTERY
Science & Technology,BINARY
Science & Technology,BIOCHEMISTRY
Science & Technology,BIOLOGY
Science & Technology,BIOMASS
Science & Technology,BIOSPHERE
Science & Technology,BIT
Science & Technology,BLUETOOTH
Science & Technology,BOTANY
Science & Technology,BROWSER
Science & Technology,BYTE
Science & Technology,CALCULUS
Science & Technology,CAPACITOR
Science & Technology,CARBON
Science & Technology,CATALYST
Science & Technology,CATHODE
Science & Technology,CELL
Science & Technology,CHEMISTRY
Science & Technology,CHIP
Science & Technology,CHROMOSOME
Science & Technology,CIRCUIT
Science & Technology,CLIMATE
Science & Technology,CLONE
Science & Technology,CLOUD
Science & Technology,CODE
Science & Technology,COMET
Science & Technology,COMPILER
Science & Technology,COMPRESSION
Science & Technology,COMPUTER
Science & Technology,CONDUCTOR
Science & Technology,CONNECTION
Science & Technology,COPPER
Science & Technology,COSMOLOGY
Science & Technology,CRYPTO
Science & Technology,CYBERSECURITY
Science & Technology,CYLINDER
Science & Technology,DATA
Science & Technology,DATABASE
Science & Technology,DENSITY
Science & Technology,DESKTOP
Science & Technology,DEVELOPER
Science & Technology,DEVICE
Science & Technology,DIAGONAL
Science & Technology,DIAGRAM
Science & Technology,DIAMETER
Science & Technology,DIFFUSION
Science & Technology,DIGITAL
Science & Technology,DIODE
Science & Technology,DISCOVERY
Science & Technology,DISK
Science & Technology,DISPLAY
Science & Technology,DNA
Science & Technology,DOMAIN
Science & Technology,DOWNLOAD
Science & Technology,ECOLOGY
Science & Technology,ECOSYSTEM
Science & Technology,ELECTRICITY
Science & Technology,ELECTRODE
Science & Technology,ELECTROLYTE
Science & Technology,ELECTRON
Science & Technology,ELEMENT
Science & Technology,ELLIPSE
Science & Technology,EMAIL
Science & Technology,EMBRYO
Science & Technology,ENCRYPTION
Science & Technology,ENERGY
Science & Technology,ENGINE
Science & Technology,ENZYME
Science & Technology,EQUATION
Science & Technology,ETHERNET
Science & Technology,EVOLUTION
Science & Technology,EXPERIMENT
Science & Technology,EXPONENTIAL
Science & Technology,FIREWALL
Science & Technology,FIRMWARE
Science & Technology,FISSION
Science & Technology,FLUID
Science & Technology,FORCE
Science & Technology,FORMULA
Science & Technology,FOSSIL
Science & Technology,FREQUENCY
Science & Technology,FRICTION
Science & Technology,FUSION
Science & Technology,GALAXY
Science & Technology,GAS
Science & Technology,GENE
Science & Technology,GENETICS
Science & Technology,GENOME
Science & Technology,GEOLOGY
Science & Technology,GEOMETRY
Science & Technology,GLITCH
Science & Technology,GLUCOSE
Science & Technology,GRAVITY
Science & Technology,HACKER
Science & Technology,HARDWARE
Science & Technology,HELIUM
Science & Technology,HELIX
Science & Technology,HORMONE
Science & Technology,HOST
Science & Technology,HTML
Science & Technology,HYDROGEN
Science & Technology,HYPOTHESIS
Science & Technology,INFINITY
Science & Technology,INFRARED
Science & Technology,INNOVATION
Science & Technology,INPUT
Science & Technology,INSULATOR
Science & Technology,INSULIN
Science & Technology,INTEGER
Science & Technology,INTELLECT
Science & Technology,INTERFACE
Science & Technology,INTERNET
Science & Technology,INVENTION
Science & Technology,INVERTEBRATE
Science & Technology,ION
Science & Technology,ISOTOPE
Science & Technology,JAVA
Science & Technology,KEYBOARD
Science & Technology,KINETIC
Science & Technology,LABORATORY
Science & Technology,LASER
Science & Technology,LATITUDE
Science & Technology,LENS
Science & Technology,LIGHT
Science & Technology,LINEAR
Science & Technology,LIQUID
Science & Technology,LITHIUM
Science & Technology,LOGIC
Science & Technology,LONGITUDE
Science & Technology,MACINTOSH
Science & Technology,MAGNET
Science & Technology,MAGNITUDE
Science & Technology,MALWARE
Science & Technology,MAMMAL
Science & Technology,MATHEMATICS
Science & Technology,MATRIX
Science & Technology,MATTER
Science & Technology,MECHANICS
Science & Technology,MEDIA
Science & Technology,MEDICINE
Science & Technology,MEGABYTE
Science & Technology,MEMBRANE
Science & Technology,MEMORY
Science & Technology,METEOR
Science & Technology,METEOROLOGY
Science & Technology,MICROBE
Science & Technology,MICROCHIP
Science & Technology,MICROSCOPE
Science & Technology,MICROWAVE
Science & Technology,MINERAL
Science & Technology,MODEM
Science & Technology,MOLECULE
Science & Technology,MONITOR
Science & Technology,MUTATION
Science & Technology,NANOTECHNOLOGY
Science & Technology,NEBULA
Science & Technology,NETWORK
Science & Technology,NEURON
Science & Technology,NITROGEN
Science & Technology,NUCLEUS
Science & Technology,NUTRIENT
Science & Technology,ORBIT
Science & Technology,ORGANISM
Science & Technology,OUTPUT
Science & Technology,OXYGEN
Science & Technology,OZONE
Science & Technology,PARABOLA
Science & Technology,PARTICLE
Science & Technology,PATENT
Science & Technology,PERIMETER
Science & Technology,PHRASES
Science & Technology,PHYSICS
Science & Technology,PIXEL
Science & Technology,PLANET
Science & Technology,PLASMA
Science & Technology,PLASTICS
Science & Technology,PLATFORM
Science & Technology,POLYMER
Science & Technology,POTASSIUM
Science & Technology,POWER
Science & Technology,PROCESSOR
Science & Technology,PROGRAM
Science & Technology,PROTOCOL
Science & Technology,PROTON
Science & Technology,PROTOTYPE
Science & Technology,QUANTUM
Science & Technology,RADAR
Science & Technology,RADIATION
Science & Technology,RADIUS
Science & Technology,RAM
Science & Technology,REACTION
Science & Technology,REBOOT
Science & Technology,RECEIVER
Science & Technology,REFRACTION
Science & Technology,REPTILE
Science & Technology,RESISTANCE
Science & Technology,RESONANCE
Science & Technology,ROBOT
Science & Technology,ROUTER
Science & Technology,SATELLITE
Science & Technology,SCANNER
Science & Technology,SCIENCE
Science & Technology,SCREEN
Science & Technology,SCRIPT
Science & Technology,SEARCH
Science & Technology,SECURITY
Science & Technology,SEDIMENT
Science & Technology,SEISMOLOGY
Science & Technology,SEMICONDUCTOR
Science & Technology,SENSOR
Science & Technology,SERVER
Science & Technology,SILICON
Science & Technology,SOFTWARE
Science & Technology,SOLARITY
Science & Technology,SOLID
Science & Technology,SOLUTION
Science & Technology,SONAR
Science & Technology,SPACE
Science & Technology,SPECTRUM
Science & Technology,SPHERE
Science & Technology,STATISTICS
Science & Technology,STEAM
Science & Technology,STEEL
Science & Technology,STEM
Science & Technology,SUBATOMIC
Science & Technology,SULFUR
Science & Technology,SUPERNOVA
Science & Technology,SURFACE
Science & Technology,SWITCH
Science & Technology,SYNTHESIS
Science & Technology,SYSTEM
Science & Technology,TABLET
Science & Technology,TECHNOLOGY
Science & Technology,TELECOM
Science & Technology,TELESCOPE
Science & Technology,TELEVISION
Science & Technology,TEMPERATURE
Science & Technology,THEOREM
Science & Technology,THEORY
Science & Technology,THERMAL
Science & Technology,THERMOSTAT
Science & Technology,TITANIUM
Science & Technology,TRANSMITTER
Science & Technology,TRIANGLE
Science & Technology,UNIVERSE
Science & Technology,UPLOAD
Science & Technology,URANIUM
Science & Technology,VACUUM
Science & Technology,VALVE
Science & Technology,VAPOR
Science & Technology,VARIABLE
Science & Technology,VELOCITY
Science & Technology,VECTOR
Science & Technology,VERTEBRATE
Science & Technology,VIRUS
Science & Technology,VISCOSITY
Science & Technology,VOLTAGE
Science & Technology,VOLUME
Science & Technology,WAVELENGTH
Science & Technology,WEBSITE
Science & Technology,WIFI
Science & Technology,WINDOWS
Science & Technology,WIRE
Science & Technology,WIRELESS
Science & Technology,ZINC
Science & Technology,ZOOLOGY
Science & Technology,PYTHON
Science & Technology,ROBOTICS
Science & Technology,STORAGE
Science & Technology,WEBSOCKET
Science & Technology,JUPITER
Science & Technology,QUASAR
Science & Technology,ROCKET
Science & Technology,SATURN
Science & Technology,URANUS
Science & Technology,VOYAGER
Sports & Recreation,ARCHERY
Sports & Recreation,ATHLETE
Sports & Recreation,BADMINTON
Sports & Recreation,BASEBALL
Sports & Recreation,BASKETBALL
Sports & Recreation,BAT
Sports & Recreation,BATON
Sports & Recreation,BICYCLE
Sports & Recreation,BILLIARDS
Sports & Recreation,BOATING
Sports & Recreation,BOBSLED
Sports & Recreation,BOCCE
Sports & Recreation,BOWLING
Sports & Recreation,BOXER
Sports & Recreation,BOXING
Sports & Recreation,CADDIE
Sports & Recreation,CAMPFIRE
Sports & Recreation,CAMPING
Sports & Recreation,CANOE
Sports & Recreation,CANVAS
Sports & Recreation,CAPTAIN
Sports & Recreation,CATCH
Sports & Recreation,CHAMPION
Sports & Recreation,CHAMPIONSHIP
Sports & Recreation,CHEERLEADER
Sports & Recreation,CHESS
Sports & Recreation,CLIMBING
Sports & Recreation,CLUB
Sports & Recreation,COACH
Sports & Recreation,CRICKET
Sports & Recreation,CROQUET
Sports & Recreation,CYCLING
Sports & Recreation,DARTS
Sports & Recreation,DEFENSE
Sports & Recreation,DIAMOND
Sports & Recreation,DISCUS
Sports & Recreation,DIVING
Sports & Recreation,DODGEBALL
Sports & Recreation,DRAFT
Sports & Recreation,EXERCISE
Sports & Recreation,FENCING
Sports & Recreation,FIELD
Sports & Recreation,FITNESS
Sports & Recreation,FOOTBALL
Sports & Recreation,FORE
Sports & Recreation,FRISBEE
Sports & Recreation,GOAL
Sports & Recreation,GOALIE
Sports & Recreation,GOLDMEDAL
Sports & Recreation,GOLF
Sports & Recreation,GOLFER
Sports & Recreation,GYMNAST
Sports & Recreation,GYMNASTICS
Sports & Recreation,HALFBACK
Sports & Recreation,HANDBALL
Sports & Recreation,HANGGLIDING
Sports & Recreation,HELMET
Sports & Recreation,HIKE
Sports & Recreation,HIKING
Sports & Recreation,HOCKEY
Sports & Recreation,HOMEPLATE
Sports & Recreation,HOMERUN
Sports & Recreation,HOOP
Sports & Recreation,HURDLE
Sports & Recreation,ICEHOCKEY
Sports & Recreation,ICESKATING
Sports & Recreation,JAVELIN
Sports & Recreation,JOGGING
Sports & Recreation,JUDO
Sports & Recreation,KARATE
Sports & Recreation,KAYAK
Sports & Recreation,KAYAKING
Sports & Recreation,KICKBALL
Sports & Recreation,LACROSSE
Sports & Recreation,LEAGUE
Sports & Recreation,MARATHON
Sports & Recreation,MATCH
Sports & Recreation,MEDAL
Sports & Recreation,MVP
Sports & Recreation,OFFENSE
Sports & Recreation,OLYMPICS
Sports & Recreation,OUTFIELD
Sports & Recreation,PADDLE
Sports & Recreation,PAINTBALL
Sports & Recreation,PARACHUTING
Sports & Recreation,PARAGLIDING
Sports & Recreation,PARASAILING
Sports & Recreation,PARKOUR
Sports & Recreation,PENALTY
Sports & Recreation,PICKLEBALL
Sports & Recreation,PINGPONG
Sports & Recreation,PITCHER
Sports & Recreation,PLAYGROUND
Sports & Recreation,PLAYOFFS
Sports & Recreation,POKER
Sports & Recreation,POLEVAULT
Sports & Recreation,POOL
Sports & Recreation,PUCK
Sports & Recreation,QUARTERBACK
Sports & Recreation,RACKET
Sports & Recreation,RACQUETBALL
Sports & Recreation,RAFTING
Sports & Recreation,RECREATION
Sports & Recreation,REFEREE
Sports & Recreation,RELAY
Sports & Recreation,RINK
Sports & Recreation,ROWING
Sports & Recreation,RUGBY
Sports & Recreation,RUNNER
Sports & Recreation,RUNNING
Sports & Recreation,SAFARI
Sports & Recreation,SAILING
Sports & Recreation,SCOREBOARD
Sports & Recreation,SCUBA
Sports & Recreation,SHORTSTOP
Sports & Recreation,SHOTPUT
Sports & Recreation,SKATE
Sports & Recreation,SKATEBOARD
Sports & Recreation,SKATING
Sports & Recreation,SKI
Sports & Recreation,SKIING
Sports & Recreation,SKYDIVING
Sports & Recreation,SLED
Sports & Recreation,SNOOKER
Sports & Recreation,SNORKEL
Sports & Recreation,SNOWBOARD
Sports & Recreation,SOCCER
Sports & Recreation,SOFTBALL
Sports & Recreation,SPECTATOR
Sports & Recreation,SPORT
Sports & Recreation,SPRINT
Sports & Recreation,SQUASH
Sports & Recreation,STADIUM
Sports & Recreation,STRIKE
Sports & Recreation,SURFBOARD
Sports & Recreation,SURFING
Sports & Recreation,SWIM
Sports & Recreation,SWIMMING
Sports & Recreation,SWIMSUIT
Sports & Recreation,TABLETENNIS
Sports & Recreation,TACKLE
Sports & Recreation,TAEKWONDO
Sports & Recreation,TEAM
Sports & Recreation,TEAMMATE
Sports & Recreation,TENNIS
Sports & Recreation,TETHERBALL
Sports & Recreation,TIMEOUT
Sports & Recreation,TOBOGGAN
Sports & Recreation,TOURNAMENT
Sports & Recreation,TRACK
Sports & Recreation,TRAIL
Sports & Recreation,TRAMPOLINE
Sports & Recreation,TRIATHLON
Sports & Recreation,TROPHY
Sports & Recreation,TUNIC
Sports & Recreation,UMPIRE
Sports & Recreation,UNICYCLE
Sports & Recreation,VOLLEYBALL
Sports & Recreation,WAKEBOARDING
Sports & Recreation,WALK
Sports & Recreation,WALKING
Sports & Recreation,WATERPOLO
Sports & Recreation,WATERSKIING
Sports & Recreation,WEIGHTLIFTING
Sports & Recreation,WETSUIT
Sports & Recreation,WHISTLE
Sports & Recreation,WINDSURFING
Sports & Recreation,WORKOUT
Sports & Recreation,WRESTLING
Sports & Recreation,YACHT
Household & Objects,ALARM
Household & Objects,ALBUM
Household & Objects,APRON
Household & Objects,ARMCHAIR
Household & Objects,BACKPACK
Household & Objects,BAG
Household & Objects,BALL
Household & Objects,BALLOON
Household & Objects,BASKET
Household & Objects,BATTERY
Household & Objects,BED
Household & Objects,BEDDING
Household & Objects,BLANKET
Household & Objects,BLENDER
Household & Objects,BLIND
Household & Objects,BOOK
Household & Objects,BOOKCASE
Household & Objects,BOOKMARK
Household & Objects,BOTTLE
Household & Objects,BOWL
Household & Objects,BOX
Household & Objects,BRACELET
Household & Objects,BROOM
Household & Objects,BRUSH
Household & Objects,BUCKET
Household & Objects,BUTTON
Household & Objects,CABINET
Household & Objects,CABLE
Household & Objects,CALCULATOR
Household & Objects,CALENDAR
Household & Objects,CAMERA
Household & Objects,CANDLE
Household & Objects,CANDLESTICK
Household & Objects,CANVAS
Household & Objects,CARPET
Household & Objects,CARTON
Household & Objects,CASE
Household & Objects,CASKET
Household & Objects,CASSETTE
Household & Objects,CAULDRON
Household & Objects,CHAIR
Household & Objects,CHANDELIER
Household & Objects,CHEST
Household & Objects,CHIME
Household & Objects,CLIPBOARD
Household & Objects,CLOCK
Household & Objects,CLOTH
Household & Objects,CLOTHES
Household & Objects,CLUTCH
Household & Objects,COASTER
Household & Objects,COAT
Household & Objects,COFFEEMAKER
Household & Objects,COMB
Household & Objects,COMFORTER
Household & Objects,COMPUTER
Household & Objects,CONTAINER
Household & Objects,COT
Household & Objects,COUCH
Household & Objects,COUNTER
Household & Objects,CRATE
Household & Objects,CRIB
Household & Objects,CUP
Household & Objects,CUPBOARD
Household & Objects,CURTAIN
Household & Objects,CUSHION
Household & Objects,DESK
Household & Objects,DETERGENT
Household & Objects,DEVICE
Household & Objects,DIAPER
Household & Objects,DIARY
Household & Objects,DICTIONARY
Household & Objects,DISH
Household & Objects,DISHWASHER
Household & Objects,DOOR
Household & Objects,DOORKNOB
Household & Objects,DOORMAT
Household & Objects,DRAPES
Household & Objects,DRAWER
Household & Objects,DRESSER
Household & Objects,DRILL
Household & Objects,DRYER
Household & Objects,DUSTPAN
Household & Objects,EARRING
Household & Objects,EASEL
Household & Objects,ENVELOPE
Household & Objects,ERASER
Household & Objects,FAN
Household & Objects,FAUCET
Household & Objects,FILE
Household & Objects,FILTER
Household & Objects,FLASHLIGHT
Household & Objects,FLASK
Household & Objects,FOLDER
Household & Objects,FOOTSTOOL
Household & Objects,FORK
Household & Objects,FRAME
Household & Objects,FREEZER
Household & Objects,FURNACE
Household & Objects,FURNITURE
Household & Objects,FUSE
Household & Objects,GADGET
Household & Objects,GARMENT
Household & Objects,GLASS
Household & Objects,GLASSES
Household & Objects,GLOVE
Household & Objects,GLUE
Household & Objects,GRATE
Household & Objects,GRILL
Household & Objects,HAMMER
Household & Objects,HAMMOCK
Household & Objects,HANGER
Household & Objects,HAT
Household & Objects,HEADPHONES
Household & Objects,HEATER
Household & Objects,HINGE
Household & Objects,HOLDER
Household & Objects,HOOK
Household & Objects,HOURGLASS
Household & Objects,INSTRUMENT
Household & Objects,IRON
Household & Objects,JAR
Household & Objects,JUG
Household & Objects,KETTLE
Household & Objects,KEY
Household & Objects,KEYBOARD
Household & Objects,KEYCHAIN
Household & Objects,KNIFE
Household & Objects,KNOB
Household & Objects,LADDER
Household & Objects,LAMP
Household & Objects,LANTERN
Household & Objects,LAPTOP
Household & Objects,LATCH
Household & Objects,LAWNMOWER
Household & Objects,LENS
Household & Objects,LETTER
Household & Objects,LIGHT
Household & Objects,LIGHTER
Household & Objects,LOCK
Household & Objects,LOCKET
Household & Objects,LUGGAGE
Household & Objects,MAGNET
Household & Objects,MAP
Household & Objects,MARKER
Household & Objects,MATCH
Household & Objects,MATCHBOOK
Household & Objects,MATTRESS
Household & Objects,MICROPHONE
Household & Objects,MICROSCOPE
Household & Objects,MICROWAVE
Household & Objects,MIRROR
Household & Objects,MIXER
Household & Objects,MOP
Household & Objects,MOUSEPAD
Household & Objects,MUG
Household & Objects,NAIL
Household & Objects,NECKLACE
Household & Objects,NEEDLE
Household & Objects,NEWSPAPER
Household & Objects,NOTEBOOK
Household & Objects,NOTEPAD
Household & Objects,OVEN
Household & Objects,PADLOCK
Household & Objects,PAIL
Household & Objects,PAN
Household & Objects,PAPER
Household & Objects,PAPERCLIP
Household & Objects,PEN
Household & Objects,PENCIL
Household & Objects,PENDANT
Household & Objects,PERFUME
Household & Objects,PHONE
Household & Objects,PHOTOGRAPH
Household & Objects,PIANO
Household & Objects,PILLOW
Household & Objects,PILLOWCASE
Household & Objects,PIN
Household & Objects,PIPE
Household & Objects,PITCHER
Household & Objects,PLACK
Household & Objects,PLANT
Household & Objects,PLATE
Household & Objects,PLIERS
Household & Objects,PLUG
Household & Objects,POCKETBOOK
Household & Objects,PORTFOLIO
Household & Objects,POSTCARD
Household & Objects,POSTER
Household & Objects,POT
Household & Objects,POUCH
Household & Objects,PURSE
Household & Objects,QUILT
Household & Objects,RACK
Household & Objects,RADIO
Household & Objects,RAZOR
Household & Objects,RECEIVER
Household & Objects,REFRIGERATOR
Household & Objects,REMOTE
Household & Objects,RIBBON
Household & Objects,RING
Household & Objects,ROBOT
Household & Objects,ROCKER
Household & Objects,ROPE
Household & Objects,RUG
Household & Objects,RULER
Household & Objects,SACK
Household & Objects,SAFE
Household & Objects,SATCHEL
Household & Objects,SAUCER
Household & Objects,SAW
Household & Objects,SCALE
Household & Objects,SCANNER
Household & Objects,SCISSORS
Household & Objects,SCOOP
Household & Objects,SCREEN
Household & Objects,SCREW
Household & Objects,SCREWDRIVER
Household & Objects,SCROLL
Household & Objects,SHAMPOO
Household & Objects,SHAVER
Household & Objects,SHEET
Household & Objects,SHELF
Household & Objects,SHELL
Household & Objects,SHIRT
Household & Objects,SHOE
Household & Objects,SHOELACE
Household & Objects,SHOVEL
Household & Objects,SINK
Household & Objects,SKILLET
Household & Objects,SLIPPERS
Household & Objects,SOAP
Household & Objects,SOCK
Household & Objects,SOFA
Household & Objects,SPATULA
Household & Objects,SPEAKER
Household & Objects,SPONGE
Household & Objects,SPOOL
Household & Objects,SPOON
Household & Objects,STAMP
Household & Objects,STAPLER
Household & Objects,STEREO
Household & Objects,STOOL
Household & Objects,STOVE
Household & Objects,STRAINER
Household & Objects,STRING
Household & Objects,SUITCASE
Household & Objects,SUNGLASSES
Household & Objects,SWITCH
Household & Objects,TABLE
Household & Objects,TABLECLOTH
Household & Objects,TACK
Household & Objects,TAG
Household & Objects,TAPE
Household & Objects,TAPESTRY
Household & Objects,TELEPHONE
Household & Objects,TELEVISION
Household & Objects,THERMOMETER
Household & Objects,THERMOS
Household & Objects,THIMBLE
Household & Objects,THREAD
Household & Objects,TICKET
Household & Objects,TIE
Household & Objects,TOASTER
Household & Objects,TOILET
Household & Objects,TOOLBOX
Household & Objects,TOOTHBRUSH
Household & Objects,TOOTHPASTE
Household & Objects,TOWEL
Household & Objects,TOY
Household & Objects,TRAY
Household & Objects,TROPHY
Household & Objects,TUB
Household & Objects,TWEEZERS
Household & Objects,UMBRELLA
Household & Objects,URN
Household & Objects,VACUUM
Household & Objects,VANE
Household & Objects,VASE
Household & Objects,VESSEL
Household & Objects,VIDEO
Household & Objects,WALLET
Household & Objects,WALLPAPER
Household & Objects,WARDROBE
Household & Objects,WASHER
Household & Objects,WASTEBASKET
Household & Objects,WATCH
Household & Objects,WHEELBARROW
Household & Objects,WHISTLE
Household & Objects,WINDOW
Household & Objects,WIRE
Household & Objects,WRENCH
Household & Objects,ZIPPER
Vehicles & Transit,AIRPLANE
Vehicles & Transit,AIRSHIP
Vehicles & Transit,AMBULANCE
Vehicles & Transit,AUTOMOBILE
Vehicles & Transit,BARGE
Vehicles & Transit,BICYCLE
Vehicles & Transit,BIPLANE
Vehicles & Transit,BOAT
Vehicles & Transit,BOMBER
Vehicles & Transit,BUGGY
Vehicles & Transit,BUS
Vehicles & Transit,CAB
Vehicles & Transit,CABIN
Vehicles & Transit,CABOOSE
Vehicles & Transit,CAMPER
Vehicles & Transit,CANOE
Vehicles & Transit,CAR
Vehicles & Transit,CARAVAN
Vehicles & Transit,CARGO
Vehicles & Transit,CARRIAGE
Vehicles & Transit,CART
Vehicles & Transit,CATAMARAN
Vehicles & Transit,CHARIOT
Vehicles & Transit,CHOPPER
Vehicles & Transit,CLIPPER
Vehicles & Transit,CONVERTIBLE
Vehicles & Transit,COUPE
Vehicles & Transit,CRUISER
Vehicles & Transit,CYCLE
Vehicles & Transit,DELIVERY
Vehicles & Transit,DESTROYER
Vehicles & Transit,DINGHY
Vehicles & Transit,DIRIGIBLE
Vehicles & Transit,DORY
Vehicles & Transit,ENGINE
Vehicles & Transit,EXPRESS
Vehicles & Transit,FERRY
Vehicles & Transit,FERRYBOAT
Vehicles & Transit,FIREENGINE
Vehicles & Transit,FREIGHTER
Vehicles & Transit,FRIGATE
Vehicles & Transit,GALLEON
Vehicles & Transit,GLIDER
Vehicles & Transit,GONDOLA
Vehicles & Transit,HELICOPTER
Vehicles & Transit,HOVERCRAFT
Vehicles & Transit,HYDROFOIL
Vehicles & Transit,JEEP
Vehicles & Transit,JET
Vehicles & Transit,JETSKI
Vehicles & Transit,JUNK
Vehicles & Transit,KAYAK
Vehicles & Transit,LIMOUSINE
Vehicles & Transit,LINER
Vehicles & Transit,LOCOMOTIVE
Vehicles & Transit,LORRY
Vehicles & Transit,MINIVAN
Vehicles & Transit,MOPED
Vehicles & Transit,MOTORBOAT
Vehicles & Transit,MOTORCYCLE
Vehicles & Transit,MOTORHOME
Vehicles & Transit,MOUNTAINBIKE
Vehicles & Transit,OCEANLINER
Vehicles & Transit,OUTRIGGER
Vehicles & Transit,PADDLEBOAT
Vehicles & Transit,PICKUP
Vehicles & Transit,PALANQUIN
Vehicles & Transit,PROPELLER
Vehicles & Transit,RAFT
Vehicles & Transit,RAILWAY
Vehicles & Transit,RICKSHAW
Vehicles & Transit,ROADSTER
Vehicles & Transit,ROCKET
Vehicles & Transit,ROWBOAT
Vehicles & Transit,RUNABOUT
Vehicles & Transit,RV
Vehicles & Transit,SAILBOAT
Vehicles & Transit,SCOOTER
Vehicles & Transit,SEDAN
Vehicles & Transit,SHIP
Vehicles & Transit,SHUTTLE
Vehicles & Transit,SIDECAR
Vehicles & Transit,SKIFF
Vehicles & Transit,SLED
Vehicles & Transit,SLEDGE
Vehicles & Transit,SLEIGH
Vehicles & Transit,SNOWMOBILE
Vehicles & Transit,SPACESHIP
Vehicles & Transit,SPEEDBOAT
Vehicles & Transit,STEAMBOAT
Vehicles & Transit,STEAMSHIP
Vehicles & Transit,SUBWAY
Vehicles & Transit,SUV
Vehicles & Transit,TANK
Vehicles & Transit,TANKER
Vehicles & Transit,TAXI
Vehicles & Transit,TAXICAB
Vehicles & Transit,TENDER
Vehicles & Transit,TOBOGGAN
Vehicles & Transit,TRACTOR
Vehicles & Transit,TRAIN
Vehicles & Transit,TRAM
Vehicles & Transit,TRAMCAR
Vehicles & Transit,TRANSPORT
Vehicles & Transit,TRAWLER
Vehicles & Transit,TRICYCLE
Vehicles & Transit,TROLLEY
Vehicles & Transit,TRUCK
Vehicles & Transit,TUGBOAT
Vehicles & Transit,UNICYCLE
Vehicles & Transit,VAN
Vehicles & Transit,VEHICLE
Vehicles & Transit,VESSEL
Vehicles & Transit,WAGON
Vehicles & Transit,WARSHIP
Vehicles & Transit,WHEELCHAIR
Vehicles & Transit,WRECKER
Vehicles & Transit,YACHT
Vehicles & Transit,ZEPPELIN
Clothing & Fashion,ANORAK
Clothing & Fashion,APRON
Clothing & Fashion,ASCOT
Clothing & Fashion,APPAREL
Clothing & Fashion,ATTIRE
Clothing & Fashion,BADGES
Clothing & Fashion,BANDANA
Clothing & Fashion,BANGLE
Clothing & Fashion,BERET
Clothing & Fashion,BIB
Clothing & Fashion,BLAZER
Clothing & Fashion,BLOUSE
Clothing & Fashion,BOOT
Clothing & Fashion,BOWTIE
Clothing & Fashion,BRACELET
Clothing & Fashion,BRIEFS
Clothing & Fashion,BROOCH
Clothing & Fashion,BUCKLE
Clothing & Fashion,BUTTON
Clothing & Fashion,CAFTAN
Clothing & Fashion,CAP
Clothing & Fashion,CAPE
Clothing & Fashion,CARDIGAN
Clothing & Fashion,CHEMISE
Clothing & Fashion,CHINOS
Clothing & Fashion,CLOAK
Clothing & Fashion,CLOGS
Clothing & Fashion,CLOTHING
Clothing & Fashion,COAT
Clothing & Fashion,COLLAR
Clothing & Fashion,CORDUROYS
Clothing & Fashion,CORSET
Clothing & Fashion,COSTUME
Clothing & Fashion,CRAVAT
Clothing & Fashion,CROWN
Clothing & Fashion,CUFF
Clothing & Fashion,CUFFLINK
Clothing & Fashion,CUMMERBUND
Clothing & Fashion,DERBY
Clothing & Fashion,DIAPER
Clothing & Fashion,DRESS
Clothing & Fashion,DUNGAREES
Clothing & Fashion,EARMUFFS
Clothing & Fashion,EARRING
Clothing & Fashion,EYEGLASSES
Clothing & Fashion,FABRIC
Clothing & Fashion,FASHION
Clothing & Fashion,FEDORA
Clothing & Fashion,FLEECE
Clothing & Fashion,FOOTWEAR
Clothing & Fashion,FROCK
Clothing & Fashion,FUR
Clothing & Fashion,GARMENT
Clothing & Fashion,GARTER
Clothing & Fashion,GAUNTLET
Clothing & Fashion,GIRDLE
Clothing & Fashion,GLASSES
Clothing & Fashion,GLOVE
Clothing & Fashion,GOWN
Clothing & Fashion,HAIRPIN
Clothing & Fashion,HANDBAG
Clothing & Fashion,HANDKERCHIEF
Clothing & Fashion,HAT
Clothing & Fashion,HEADBAND
Clothing & Fashion,HEADDRESS
Clothing & Fashion,HEADWEAR
Clothing & Fashion,HELMET
Clothing & Fashion,HEM
Clothing & Fashion,HOOD
Clothing & Fashion,HOODIE
Clothing & Fashion,HOSIERY
Clothing & Fashion,JACKET
Clothing & Fashion,JEANS
Clothing & Fashion,JEWELRY
Clothing & Fashion,JUMPER
Clothing & Fashion,JUMPSUIT
Clothing & Fashion,KERCHIEF
Clothing & Fashion,KHAKIS
Clothing & Fashion,KILT
Clothing & Fashion,KIMONO
Clothing & Fashion,KNAPSACK
Clothing & Fashion,LACE
Clothing & Fashion,LEATHER
Clothing & Fashion,LEGGINGS
Clothing & Fashion,LEOTARD
Clothing & Fashion,LINGERIE
Clothing & Fashion,LOAFERS
Clothing & Fashion,LOCKET
Clothing & Fashion,MASK
Clothing & Fashion,MITTENS
Clothing & Fashion,MOCCASINS
Clothing & Fashion,MUFFLER
Clothing & Fashion,NECKTIE
Clothing & Fashion,NECKLACE
Clothing & Fashion,NIGHTGOWN
Clothing & Fashion,NIGHTWEAR
Clothing & Fashion,OUTFIT
Clothing & Fashion,OVERALLS
Clothing & Fashion,OVERCOAT
Clothing & Fashion,PAJAMAS
Clothing & Fashion,PANTS
Clothing & Fashion,PANTALOONS
Clothing & Fashion,PANTYHOSE
Clothing & Fashion,PARKA
Clothing & Fashion,PENDANT
Clothing & Fashion,PETTICOAT
Clothing & Fashion,PIN
Clothing & Fashion,POCKETBOOK
Clothing & Fashion,POLO
Clothing & Fashion,PONCHO
Clothing & Fashion,PUMPS
Clothing & Fashion,PURSE
Clothing & Fashion,RAINCOAT
Clothing & Fashion,RING
Clothing & Fashion,ROBE
Clothing & Fashion,ROMPER
Clothing & Fashion,SANDAL
Clothing & Fashion,SARI
Clothing & Fashion,SARONG
Clothing & Fashion,SASH
Clothing & Fashion,SCARF
Clothing & Fashion,SHAWL
Clothing & Fashion,SHIRT
Clothing & Fashion,SHOE
Clothing & Fashion,SHORTS
Clothing & Fashion,SILK
Clothing & Fashion,SKIRT
Clothing & Fashion,SLACKS
Clothing & Fashion,SLIPPERS
Clothing & Fashion,SMOCK
Clothing & Fashion,SNEAKERS
Clothing & Fashion,SOCKS
Clothing & Fashion,SOMBRERO
Clothing & Fashion,SPACESUIT
Clothing & Fashion,SPECTACLES
Clothing & Fashion,STILETTO
Clothing & Fashion,STOCKINGS
Clothing & Fashion,SUIT
Clothing & Fashion,SUNGLASSES
Clothing & Fashion,SWEATER
Clothing & Fashion,SWEATSHIRT
Clothing & Fashion,SWEATPANTS
Clothing & Fashion,SWIMSUIT
Clothing & Fashion,TARP
Clothing & Fashion,TEXTILE
Clothing & Fashion,THIMBLE
Clothing & Fashion,THREAD
Clothing & Fashion,TIARA
Clothing & Fashion,TIE
Clothing & Fashion,TIGHTS
Clothing & Fashion,TOGA
Clothing & Fashion,TOPCOAT
Clothing & Fashion,TROUSERS
Clothing & Fashion,TSHIRT
Clothing & Fashion,TUCKER
Clothing & Fashion,TUNIC
Clothing & Fashion,TURBAN
Clothing & Fashion,TUXEDO
Clothing & Fashion,UNDERGARMENT
Clothing & Fashion,UNDERWEAR
Clothing & Fashion,UNIFORM
Clothing & Fashion,VEIL
Clothing & Fashion,VELVET
Clothing & Fashion,VEST
Clothing & Fashion,VESTMENT
Clothing & Fashion,VISOR
Clothing & Fashion,WAISTCOAT
Clothing & Fashion,WALLET
Clothing & Fashion,WATCH
Clothing & Fashion,WETSUIT
Clothing & Fashion,WIG
Clothing & Fashion,WINDBREAKER
Clothing & Fashion,WOOL
Clothing & Fashion,YARN
Clothing & Fashion,ZIPPER
Nature & Environment,ACORN
Nature & Environment,ASH
Nature & Environment,ASTER
Nature & Environment,ATMOSPHERE
Nature & Environment,AUTUMN
Nature & Environment,AVALANCHE
Nature & Environment,BARK
Nature & Environment,BAY
Nature & Environment,BIOME
Nature & Environment,BIRCH
Nature & Environment,BLIZZARD
Nature & Environment,BLOSSOM
Nature & Environment,BOULDER
Nature & Environment,BOUGH
Nature & Environment,BRANCH
Nature & Environment,BREEZE
Nature & Environment,BRIER
Nature & Environment,BROOK
Nature & Environment,BUSH
Nature & Environment,CACTUS
Nature & Environment,CANOPY
Nature & Environment,CANYON
Nature & Environment,CARNATION
Nature & Environment,CAVE
Nature & Environment,CEDAR
Nature & Environment,CHRYSANTHEMUM
Nature & Environment,CLAY
Nature & Environment,CLIFF
Nature & Environment,CLIMATE
Nature & Environment,CLOUD
Nature & Environment,CLOUDBURST
Nature & Environment,CLOVER
Nature & Environment,COAST
Nature & Environment,COMET
Nature & Environment,CONIFER
Nature & Environment,CORAL
Nature & Environment,COSMOS
Nature & Environment,CRATER
Nature & Environment,CREEK
Nature & Environment,CURRENT
Nature & Environment,DAFFODIL
Nature & Environment,DAISY
Nature & Environment,DANDELION
Nature & Environment,DAWN
Nature & Environment,DAYLIGHT
Nature & Environment,DECAY
Nature & Environment,DELTA
Nature & Environment,DESERT
Nature & Environment,DEW
Nature & Environment,DEWDROP
Nature & Environment,DIRT
Nature & Environment,DROUGHT
Nature & Environment,DUNE
Nature & Environment,DUSK
Nature & Environment,DUST
Nature & Environment,EARTH
Nature & Environment,EARTHQUAKE
Nature & Environment,ECLIPSE
Nature & Environment,ECOSYSTEM
Nature & Environment,ELM
Nature & Environment,ENVIRONMENT
Nature & Environment,EQUATOR
Nature & Environment,ESTUARY
Nature & Environment,EVERGREEN
Nature & Environment,FERN
Nature & Environment,FERTILIZER
Nature & Environment,FIELD
Nature & Environment,FIR
Nature & Environment,FIRE
Nature & Environment,FLOOD
Nature & Environment,FLORA
Nature & Environment,FLOWER
Nature & Environment,FOG
Nature & Environment,FOLIAGE
Nature & Environment,FOREST
Nature & Environment,FROST
Nature & Environment,GALAXY
Nature & Environment,GARDEN
Nature & Environment,GEOLOGY
Nature & Environment,GEYSER
Nature & Environment,GLACIER
Nature & Environment,GLEN
Nature & Environment,GORGE
Nature & Environment,GRASS
Nature & Environment,GRAVEL
Nature & Environment,GREENHOUSE
Nature & Environment,GROVE
Nature & Environment,GULF
Nature & Environment,HAIL
Nature & Environment,HAILSTONE
Nature & Environment,HARVEST
Nature & Environment,HAZE
Nature & Environment,HEATH
Nature & Environment,HEATHER
Nature & Environment,HEDGE
Nature & Environment,HIBISCUS
Nature & Environment,HILL
Nature & Environment,HORIZON
Nature & Environment,HURRICANE
Nature & Environment,ICE
Nature & Environment,ICEBERG
Nature & Environment,IRIS
Nature & Environment,ISLAND
Nature & Environment,IVY
Nature & Environment,JUNGLE
Nature & Environment,LAKE
Nature & Environment,LANDSLIDE
Nature & Environment,LAUREL
Nature & Environment,LAVA
Nature & Environment,LAWN
Nature & Environment,LEAF
Nature & Environment,LICHEN
Nature & Environment,LIGHTNING
Nature & Environment,LILAC
Nature & Environment,LILY
Nature & Environment,LOAM
Nature & Environment,LUNAR
Nature & Environment,MAGMA
Nature & Environment,MAGNOLIA
Nature & Environment,MAPLE
Nature & Environment,MARIGOLD
Nature & Environment,MARSH
Nature & Environment,MEADOW
Nature & Environment,METEOR
Nature & Environment,MIST
Nature & Environment,MONSOON
Nature & Environment,MOSS
Nature & Environment,MOUNTAIN
Nature & Environment,MUD
Nature & Environment,MUSHROOM
Nature & Environment,NATURE
Nature & Environment,NEBULA
Nature & Environment,NECTAR
Nature & Environment,OAK
Nature & Environment,OASIS
Nature & Environment,OCEAN
Nature & Environment,ORCHID
Nature & Environment,OXYGEN
Nature & Environment,OZONE
Nature & Environment,PEBBLE
Nature & Environment,PETAL
Nature & Environment,PINE
Nature & Environment,PLANET
Nature & Environment,PLATEAU
Nature & Environment,POLLEN
Nature & Environment,POND
Nature & Environment,PRAIRIE
Nature & Environment,PRECIPITATION
Nature & Environment,QUARRY
Nature & Environment,QUICKSAND
Nature & Environment,RAIN
Nature & Environment,RAINBOW
Nature & Environment,RAINDROP
Nature & Environment,RAINFOREST
Nature & Environment,RAVINE
Nature & Environment,REEF
Nature & Environment,RIVER
Nature & Environment,ROCK
Nature & Environment,ROOT
Nature & Environment,ROSE
Nature & Environment,SAP
Nature & Environment,SAPLING
Nature & Environment,SAVANNA
Nature & Environment,SCENERY
Nature & Environment,SEA
Nature & Environment,SEASHORE
Nature & Environment,SEDIMENT
Nature & Environment,SEED
Nature & Environment,SHRUB
Nature & Environment,SKY
Nature & Environment,SLEET
Nature & Environment,SLUDGE
Nature & Environment,SMOG
Nature & Environment,SNOW
Nature & Environment,SNOWBANK
Nature & Environment,SNOWFALL
Nature & Environment,SNOWFLAKE
Nature & Environment,SNOWSTORM
Nature & Environment,SOIL
Nature & Environment,SOLSTICE
Nature & Environment,SPECIES
Nature & Environment,SPORE
Nature & Environment,SPRING
Nature & Environment,SPROUT
Nature & Environment,SQUALL
Nature & Environment,STALACTITE
Nature & Environment,STALAGMITE
Nature & Environment,STAR
Nature & Environment,STARFISH
Nature & Environment,STARLIGHT
Nature & Environment,STEM
Nature & Environment,STEPPE
Nature & Environment,STONE
Nature & Environment,STORM
Nature & Environment,STREAM
Nature & Environment,SULFUR
Nature & Environment,SUMMER
Nature & Environment,SUN
Nature & Environment,SUNLIGHT
Nature & Environment,SUNRISE
Nature & Environment,SUNSET
Nature & Environment,SUNSHINE
Nature & Environment,SURF
Nature & Environment,SWAMP
Nature & Environment,THAW
Nature & Environment,THICKET
Nature & Environment,THORN
Nature & Environment,THUNDER
Nature & Environment,THUNDERBOLT
Nature & Environment,THUNDERSTORM
Nature & Environment,TIDE
Nature & Environment,TIMBER
Nature & Environment,TORNADO
Nature & Environment,TRAIL
Nature & Environment,TREE
Nature & Environment,TRENCH
Nature & Environment,TULIP
Nature & Environment,TUNDRA
Nature & Environment,TWIG
Nature & Environment,TWILIGHT
Nature & Environment,TYPHOON
Nature & Environment,VALLEY
Nature & Environment,VEGETATION
Nature & Environment,VINE
Nature & Environment,VIOLET
Nature & Environment,VOLCANO
Nature & Environment,VORTEX
Nature & Environment,WATER
Nature & Environment,WATERFALL
Nature & Environment,WAVE
Nature & Environment,WEATHER
Nature & Environment,WEED
Nature & Environment,WETLAND
Nature & Environment,WHIRLWIND
Nature & Environment,WILDERNESS
Nature & Environment,WILDFIRE
Nature & Environment,WILDFLOWER
Nature & Environment,WILLOW
Nature & Environment,WIND
Nature & Environment,WINTER
Nature & Environment,WOODS
Nature & Environment,ZEPHYR
Nature & Environment,LAGOON
Nature & Environment,RAINFALL
Arts & Entertainment,ACCORDION
Arts & Entertainment,ACT
Arts & Entertainment,ACTION
Arts & Entertainment,ACTOR
Arts & Entertainment,ACTRESS
Arts & Entertainment,ANIMATION
Arts & Entertainment,ANIME
Arts & Entertainment,ANTHEM
Arts & Entertainment,APPLAUSE
Arts & Entertainment,ART
Arts & Entertainment,ARTIST
Arts & Entertainment,AUDIENCE
Arts & Entertainment,BALLAD
Arts & Entertainment,BALLET
Arts & Entertainment,BAND
Arts & Entertainment,BANJO
Arts & Entertainment,BASSOON
Arts & Entertainment,BIOGRAPHY
Arts & Entertainment,BLOCKBUSTER
Arts & Entertainment,BLUES
Arts & Entertainment,BOOK
Arts & Entertainment,BROADCAST
Arts & Entertainment,CAMERA
Arts & Entertainment,CANVAS
Arts & Entertainment,CARTOON
Arts & Entertainment,CAST
Arts & Entertainment,CELEBRITY
Arts & Entertainment,CELLO
Arts & Entertainment,CERAMICS
Arts & Entertainment,CHANNEL
Arts & Entertainment,CHARACTER
Arts & Entertainment,CHOIR
Arts & Entertainment,CHORDS
Arts & Entertainment,CHOREOGRAPHY
Arts & Entertainment,CHORUS
Arts & Entertainment,CINEMA
Arts & Entertainment,CLARINET
Arts & Entertainment,CLASSIC
Arts & Entertainment,CLIMAX
Arts & Entertainment,COMEDY
Arts & Entertainment,COMIC
Arts & Entertainment,COMPOSER
Arts & Entertainment,CONCERT
Arts & Entertainment,CONDUCTOR
Arts & Entertainment,COSTUME
Arts & Entertainment,CRAFT
Arts & Entertainment,CRITIC
Arts & Entertainment,CURTAIN
Arts & Entertainment,DANCE
Arts & Entertainment,DANCER
Arts & Entertainment,DEBUT
Arts & Entertainment,DESIGNER
Arts & Entertainment,DIALOGUE
Arts & Entertainment,DIRECTOR
Arts & Entertainment,DOCUMENTARY
Arts & Entertainment,DRAMA
Arts & Entertainment,DRAWING
Arts & Entertainment,DRUMS
Arts & Entertainment,EASEL
Arts & Entertainment,EDITING
Arts & Entertainment,ENTERTAINMENT
Arts & Entertainment,EPIC
Arts & Entertainment,ESSAY
Arts & Entertainment,EXHIBITION
Arts & Entertainment,FANTASY
Arts & Entertainment,FICTION
Arts & Entertainment,FILM
Arts & Entertainment,FILMMAKER
Arts & Entertainment,FINALE
Arts & Entertainment,FLUTE
Arts & Entertainment,GALLERY
Arts & Entertainment,GENRE
Arts & Entertainment,GUITAR
Arts & Entertainment,HARMONY
Arts & Entertainment,HARP
Arts & Entertainment,HEADLINE
Arts & Entertainment,HERO
Arts & Entertainment,HISTORY
Arts & Entertainment,HORROR
Arts & Entertainment,ILLUSTRATION
Arts & Entertainment,IMPROV
Arts & Entertainment,INSTRUMENT
Arts & Entertainment,INTERVIEW
Arts & Entertainment,JAZZ
Arts & Entertainment,JOURNAL
Arts & Entertainment,LYRICS
Arts & Entertainment,MAGAZINE
Arts & Entertainment,MAGICIAN
Arts & Entertainment,MASTERPIECE
Arts & Entertainment,MELODY
Arts & Entertainment,MEMOIR
Arts & Entertainment,METAPHOR
Arts & Entertainment,MICROPHONE
Arts & Entertainment,MIME
Arts & Entertainment,MOVIE
Arts & Entertainment,MURAL
Arts & Entertainment,MUSEUM
Arts & Entertainment,MUSIC
Arts & Entertainment,MUSICAL
Arts & Entertainment,MUSICIAN
Arts & Entertainment,MYSTERY
Arts & Entertainment,NARRATOR
Arts & Entertainment,NETWORK
Arts & Entertainment,NEWS
Arts & Entertainment,NEWSPAPER
Arts & Entertainment,NOVEL
Arts & Entertainment,NOVELIST
Arts & Entertainment,OBOE
Arts & Entertainment,OPERA
Arts & Entertainment,ORCHESTRA
Arts & Entertainment,ORIGAMI
Arts & Entertainment,OSCAR
Arts & Entertainment,PAGEANT
Arts & Entertainment,PAINT
Arts & Entertainment,PAINTER
Arts & Entertainment,PAINTING
Arts & Entertainment,PARODY
Arts & Entertainment,PERFORMANCE
Arts & Entertainment,PERFORMER
Arts & Entertainment,PHOTOGRAPHY
Arts & Entertainment,PIANIST
Arts & Entertainment,PIANO
Arts & Entertainment,PLAY
Arts & Entertainment,PLAYWRIGHT
Arts & Entertainment,PLOT
Arts & Entertainment,POEM
Arts & Entertainment,POET
Arts & Entertainment,POETRY
Arts & Entertainment,POP
Arts & Entertainment,PORTRAIT
Arts & Entertainment,POTTERY
Arts & Entertainment,PREMIERE
Arts & Entertainment,PRODUCER
Arts & Entertainment,PRODUCTION
Arts & Entertainment,PROSE
Arts & Entertainment,PROTAGONIST
Arts & Entertainment,RADIO
Arts & Entertainment,RAP
Arts & Entertainment,RECORDING
Arts & Entertainment,REHEARSAL
Arts & Entertainment,REVIEW
Arts & Entertainment,RHYTHM
Arts & Entertainment,ROCK
Arts & Entertainment,ROMANCE
Arts & Entertainment,SATIRE
Arts & Entertainment,SAXOPHONE
Arts & Entertainment,SCENE
Arts & Entertainment,SCENERY
Arts & Entertainment,SCREENPLAY
Arts & Entertainment,SCRIPT
Arts & Entertainment,SCULPTOR
Arts & Entertainment,SCULPTURE
Arts & Entertainment,SEQUEL
Arts & Entertainment,SERIES
Arts & Entertainment,SHOW
Arts & Entertainment,SINGER
Arts & Entertainment,SKETCH
Arts & Entertainment,SKIT
Arts & Entertainment,SOLO
Arts & Entertainment,SONG
Arts & Entertainment,SONNET
Arts & Entertainment,SOUNDTRACK
Arts & Entertainment,SPECTACLE
Arts & Entertainment,SPEECH
Arts & Entertainment,STAGE
Arts & Entertainment,STAR
Arts & Entertainment,STUDIO
Arts & Entertainment,SYMPHONY
Arts & Entertainment,TALENT
Arts & Entertainment,TELEVISION
Arts & Entertainment,THEATER
Arts & Entertainment,THEME
Arts & Entertainment,THRILLER
Arts & Entertainment,TICKET
Arts & Entertainment,TRAGEDY
Arts & Entertainment,TROMBONE
Arts & Entertainment,TRUMPET
Arts & Entertainment,TUBA
Arts & Entertainment,UKULELE
Arts & Entertainment,VENUE
Arts & Entertainment,VIOLIN
Arts & Entertainment,VOCALS
Arts & Entertainment,VOICE
Arts & Entertainment,VOLUME
Arts & Entertainment,WALTZ
Arts & Entertainment,WATERCOLOR
Arts & Entertainment,WRITER
Arts & Entertainment,ALBUM
Arts & Entertainment,DRUMMER
Academics & Mind,ABILITY
Academics & Mind,ACADEMY
Academics & Mind,ADDICTION
Academics & Mind,AGGRESSION
Academics & Mind,ALGEBRA
Academics & Mind,AMNESIA
Academics & Mind,ANATOMY
Academics & Mind,ANTHROPOLOGY
Academics & Mind,ANXIETY
Academics & Mind,APTITUDE
Academics & Mind,ARCHAEOLOGY
Academics & Mind,ARGUMENT
Academics & Mind,ARITHMETIC
Academics & Mind,ART
Academics & Mind,ATTITUDE
Academics & Mind,BEHAVIOR
Academics & Mind,BELIEF
Academics & Mind,BIOLOGY
Academics & Mind,BRAIN
Academics & Mind,CALCULUS
Academics & Mind,CAMPUS
Academics & Mind,CHEMISTRY
Academics & Mind,CLASSROOM
Academics & Mind,COGNITION
Academics & Mind,COLLEGE
Academics & Mind,CONCEPT
Academics & Mind,CONSCIOUSNESS
Academics & Mind,COUNSELING
Academics & Mind,COURSE
Academics & Mind,CREATIVITY
Academics & Mind,CULTURE
Academics & Mind,CURRICULUM
Academics & Mind,DEGREE
Academics & Mind,DELUSION
Academics & Mind,DEMENTIA
Academics & Mind,DEPRESSION
Academics & Mind,DIPLOMA
Academics & Mind,DISCIPLINE
Academics & Mind,DISCOVERY
Academics & Mind,DREAM
Academics & Mind,ECONOMICS
Academics & Mind,EDUCATION
Academics & Mind,EMOTION
Academics & Mind,EMPATHY
Academics & Mind,ESSAY
Academics & Mind,ETHICS
Academics & Mind,EXAM
Academics & Mind,EXAMINATION
Academics & Mind,EXERCISE
Academics & Mind,EXPERIMENT
Academics & Mind,FACULTY
Academics & Mind,FEAR
Academics & Mind,FOLKLORE
Academics & Mind,GENIUS
Academics & Mind,GEOGRAPHY
Academics & Mind,GEOLOGY
Academics & Mind,GEOMETRY
Academics & Mind,GRADUATE
Academics & Mind,GRAMMAR
Academics & Mind,GRIEF
Academics & Mind,HABIT
Academics & Mind,HALLUCINATION
Academics & Mind,HISTORY
Academics & Mind,HUMANITY
Academics & Mind,HYPNOSIS
Academics & Mind,HYPOTHESIS
Academics & Mind,IDEA
Academics & Mind,IDENTITY
Academics & Mind,ILLUSION
Academics & Mind,IMAGINATION
Academics & Mind,INSIGHT
Academics & Mind,INSTINCT
Academics & Mind,INTELLECT
Academics & Mind,INTELLIGENCE
Academics & Mind,INTUITION
Academics & Mind,JOURNAL
Academics & Mind,JUDGMENT
Academics & Mind,KNOWLEDGE
Academics & Mind,LANGUAGE
Academics & Mind,LEARNING
Academics & Mind,LECTURE
Academics & Mind,LESSON
Academics & Mind,LIBRARY
Academics & Mind,LINGUISTICS
Academics & Mind,LOGIC
Academics & Mind,MATHEMATICS
Academics & Mind,MEMORY
Academics & Mind,MIND
Academics & Mind,MOTIVATION
Academics & Mind,MYTHOLOGY
Academics & Mind,NEUROSCIENCE
Academics & Mind,OPINION
Academics & Mind,PERCEPTION
Academics & Mind,PHILOSOPHY
Academics & Mind,PHOBIA
Academics & Mind,PHYSICS
Academics & Mind,POETRY
Academics & Mind,POLITICS
Academics & Mind,PROFESSOR
Academics & Mind,PSYCHE
Academics & Mind,PSYCHIATRY
Academics & Mind,PSYCHOLOGY
Academics & Mind,QUIZ
Academics & Mind,REASON
Academics & Mind,REFLECTION
Academics & Mind,RESEARCH
Academics & Mind,RHETORIC
Academics & Mind,SCHOLAR
Academics & Mind,SCHOLARSHIP
Academics & Mind,SCIENCE
Academics & Mind,SEMESTER
Academics & Mind,SEMINAR
Academics & Mind,SENSATION
Academics & Mind,SKILL
Academics & Mind,SOCIOLOGY
Academics & Mind,STUDENT
Academics & Mind,STUDY
Academics & Mind,SUBJECT
Academics & Mind,SYLLABUS
Academics & Mind,TALENT
Academics & Mind,TEACHER
Academics & Mind,TEST
Academics & Mind,TEXTBOOK
Academics & Mind,THEOREM
Academics & Mind,THEORY
Academics & Mind,THOUGHT
Academics & Mind,TRAUMA
Academics & Mind,TUITION
Academics & Mind,TUTOR
Academics & Mind,UNIVERSITY
Academics & Mind,WISDOM
